Date,Slot,Open,High,Low,Close,Volume
2025-09-10,0,4366.74365234375,4450.41796875,4365.8291015625,4372.24267578125,9304356864.0
2025-09-10,1,4373.908203125,4394.03369140625,4304.5322265625,4305.81689453125,9752444928.0
2025-09-10,2,4307.716796875,4353.60595703125,4301.83154296875,4346.15234375,8347574272.0
2025-09-11,0,4348.68017578125,4383.68994140625,4340.28759765625,4381.38525390625,5035311104.0
2025-09-11,1,4378.48583984375,4422.005859375,4375.12451171875,4420.53759765625,8710574080.0
2025-09-11,2,4420.6240234375,4445.86083984375,4408.74853515625,4432.72216796875,11554324480.0
2025-09-11,3,4432.56396484375,4437.67041015625,4407.91552734375,4431.28466796875,5788200960.0
2025-09-11,4,4431.23486328125,4468.26220703125,4387.4140625,4428.7265625,11804131328.0
2025-09-11,5,4428.94970703125,4440.76025390625,4403.16552734375,4431.5869140625,5808930816.0
2025-09-11,6,4433.4296875,4435.4384765625,4412.18994140625,4417.98291015625,4384747520.0
2025-09-11,7,4416.490234375,4468.939453125,4416.490234375,4461.97314453125,4977268736.0
2025-09-12,0,4461.05615234375,4533.2275390625,4453.408203125,4506.61181640625,10084044800.0
2025-09-12,1,4508.08056640625,4556.3095703125,4493.47265625,4556.3095703125,6229118976.0
2025-09-12,2,4557.11376953125,4559.3955078125,4515.56396484375,4517.21728515625,10870284288.0
2025-09-12,3,4517.35546875,4534.91552734375,4507.8349609375,4519.357421875,7619944448.0
2025-09-12,4,4520.3720703125,4568.52197265625,4507.103515625,4545.62451171875,3830609920.0
2025-09-12,5,4547.8701171875,4626.13916015625,4531.02099609375,4615.50048828125,7455924224.0
2025-09-12,6,4615.07861328125,4685.6982421875,4603.93994140625,4671.736328125,11023163392.0
2025-09-12,7,4674.30419921875,4734.27392578125,4650.94970703125,4714.24609375,9902022656.0
2025-09-13,0,4715.1875,4733.06005859375,4696.2451171875,4704.8154296875,8456093696.0
2025-09-13,1,4704.5908203125,4762.85546875,4704.1484375,4725.70458984375,10905833472.0
2025-09-13,2,4725.84033203125,4732.2275390625,4706.57080078125,4731.20263671875,4300726272.0
2025-09-13,3,4732.224609375,4740.3525390625,4711.70458984375,4722.69091796875,6504275968.0
2025-09-13,4,4722.396484375,4728.833984375,4670.17333984375,4693.98095703125,8090025984.0
2025-09-13,5,4692.8662109375,4704.25341796875,4609.12548828125,4638.90869140625,7634104320.0
2025-09-13,6,4636.63623046875,4661.54833984375,4628.55419921875,4658.93115234375,4669034496.0
2025-09-13,7,4659.396484375,4672.43603515625,4650.845703125,4668.080078125,3337281536.0
2025-09-14,0,4668.3271484375,4689.90234375,4655.453125,4685.21044921875,8936589312.0
2025-09-14,1,4685.42236328125,4686.29150390625,4640.109375,4678.60400390625,6904025088.0
2025-09-14,2,4679.07666015625,4681.57763671875,4647.26025390625,4657.78955078125,6447011840.0
2025-09-14,3,4657.869140625,4673.4404296875,4631.59619140625,4631.59619140625,6668855296.0
2025-09-14,4,4633.12109375,4645.2021484375,4586.02099609375,4605.2626953125,14830180352.0
2025-09-14,5,4605.6689453125,4628.88330078125,4581.84716796875,4621.5576171875,4355827712.0
2025-09-14,6,4621.5634765625,4628.76953125,4599.53515625,4618.36962890625,5738665984.0
2025-09-14,7,4618.78369140625,4636.8203125,4601.35107421875,4611.21142578125,9046011904.0
2025-09-15,0,4608.2421875,4629.55517578125,4585.5126953125,4621.66162109375,8927105024.0
2025-09-15,1,4623.55322265625,4663.4736328125,4623.55322265625,4663.0595703125,9222871040.0
2025-09-15,2,4663.080078125,4670.205078125,4513.00732421875,4514.619140625,9934903296.0
2025-09-15,3,4512.89453125,4540.3837890625,4507.732421875,4534.33544921875,15866068992.0
2025-09-15,4,4533.25244140625,4541.56591796875,4501.54150390625,4516.068359375,9777373184.0
2025-09-15,5,4514.0361328125,4520.14794921875,4471.2666015625,4507.1015625,11142733824.0
2025-09-15,6,4509.3427734375,4513.2236328125,4478.2470703125,4511.7412109375,11397627904.0
2025-09-16,0,4521.43017578125,4535.828125,4511.02783203125,4511.02783203125,8233381888.0
2025-09-16,1,4510.361328125,4535.998046875,4495.10498046875,4507.9716796875,9669138432.0
2025-09-16,2,4506.7080078125,4510.79736328125,4464.0625,4464.0625,11588407296.0
2025-09-16,3,4457.79296875,4472.876953125,4428.330078125,4460.1708984375,16181985280.0
2025-09-16,4,4460.33203125,4510.88623046875,4457.89697265625,4483.31591796875,12156864512.0
2025-09-16,5,4483.55712890625,4516.4716796875,4483.55712890625,4516.21875,8846985216.0
2025-09-17,0,4503.93212890625,4550.93896484375,4497.39990234375,4535.36865234375,8920104960.0
2025-09-17,1,4532.35986328125,4532.35986328125,4470.197265625,4517.5263671875,6861207552.0
2025-09-17,2,4516.9931640625,4554.2314453125,4501.90234375,4513.67431640625,10733281280.0
2025-09-17,3,4512.33203125,4512.33203125,4482.45654296875,4494.474609375,8040308736.0
2025-09-17,4,4493.95068359375,4513.01611328125,4480.0078125,4490.86279296875,8066840576.0
2025-09-17,5,4491.73779296875,4528.11083984375,4475.1396484375,4517.841796875,5981472768.0
2025-09-17,6,4506.1572265625,4542.31494140625,4429.64453125,4500.6845703125,16631511040.0
2025-09-17,7,4503.00927734375,4617.23486328125,4490.47412109375,4593.37890625,8797388800.0
2025-09-18,0,4592.6435546875,4633.32177734375,4582.609375,4613.4033203125,11948412928.0
2025-09-18,1,4615.17724609375,4643.62451171875,4587.25927734375,4588.86376953125,7126577152.0
2025-09-18,2,4588.93212890625,4605.423828125,4557.21484375,4601.9970703125,7294685184.0
2025-09-18,3,4603.6298828125,4603.6298828125,4572.86669921875,4573.6357421875,7860211712.0
2025-09-18,4,4576.625,4624.38623046875,4567.60107421875,4597.984375,10565255168.0
2025-09-18,5,4597.84912109375,4635.92919921875,4590.6865234375,4609.12548828125,12590911488.0
2025-09-18,6,4611.1484375,4622.2412109375,4583.34130859375,4604.67919921875,3659636736.0
2025-09-18,7,4606.2265625,4606.2265625,4573.5400390625,4589.92138671875,5294725120.0
2025-09-19,0,4590.2060546875,4620.79296875,4590.2060546875,4592.03955078125,8943681536.0
2025-09-19,1,4591.73974609375,4602.154296875,4532.2666015625,4542.6796875,5583570944.0
2025-09-19,2,4542.3095703125,4549.53466796875,4521.8046875,4535.91650390625,10368249856.0
2025-09-19,3,4536.35498046875,4544.97119140625,4510.908203125,4517.45947265625,5251028992.0
2025-09-19,4,4517.3701171875,4543.8447265625,4492.36767578125,4492.36767578125,8386179072.0
2025-09-19,5,4496.81982421875,4498.20556640625,4451.7294921875,4462.03662109375,7018659840.0
2025-09-19,6,4461.47216796875,4466.89599609375,4444.72900390625,4459.513671875,8210765824.0
2025-09-19,7,4460.798828125,4478.9873046875,4452.193359375,4471.26025390625,2933633024.0
2025-09-20,0,4471.146484375,4477.5947265625,4459.89794921875,4468.51220703125,7026620416.0
2025-09-20,1,4468.529296875,4484.1806640625,4462.1806640625,4481.5625,3784361984.0
2025-09-20,2,4481.1533203125,4485.17822265625,4470.01123046875,4470.01123046875,3382720512.0
2025-09-20,3,4469.41259765625,4476.984375,4459.57958984375,4472.25634765625,5031313408.0
2025-09-20,4,4472.26123046875,4496.20458984375,4466.11376953125,4491.27734375,4573237248.0
2025-09-20,5,4492.50390625,4509.56494140625,4474.19921875,4487.81787109375,4485289984.0
2025-09-20,6,4488.68994140625,4489.12744140625,4475.85009765625,4488.4677734375,2873905152.0
2025-09-20,7,4486.57763671875,4502.01953125,4482.1416015625,4482.19775390625,3839858688.0
2025-09-21,0,4482.16796875,4490.93505859375,4464.0205078125,4481.228515625,4935117824.0
2025-09-21,1,4481.35693359375,4481.35693359375,4470.4072265625,4479.1181640625,5142493184.0
2025-09-21,2,4480.15234375,4493.61767578125,4469.9814453125,4471.99755859375,4366227456.0
2025-09-21,3,4472.21435546875,4475.14453125,4450.212890625,4463.2255859375,3791140864.0
2025-09-21,4,4463.068359375,4484.21728515625,4462.95166015625,4476.40576171875,3606104064.0
2025-09-21,5,4475.67578125,4494.9365234375,4468.63525390625,4494.02001953125,4080912384.0
2025-09-21,6,4494.177734375,4498.76171875,4480.7861328125,4481.74951171875,5483517952.0
2025-09-21,7,4480.40625,4480.40625,4447.1611328125,4451.93994140625,10150895616.0
2025-09-22,0,4447.82666015625,4456.36474609375,4286.45703125,4292.302734375,11639173120.0
2025-09-22,1,4292.1943359375,4311.658203125,4282.91845703125,4283.6552734375,9458102272.0
2025-09-22,2,4280.0283203125,4280.0283203125,4103.6103515625,4199.24609375,17653188608.0
2025-09-22,3,4199.29345703125,4199.29345703125,4146.748046875,4183.79296875,11175682048.0
2025-09-22,4,4184.01318359375,4220.34814453125,4176.10205078125,4195.6015625,12753379328.0
2025-09-22,5,4194.23876953125,4196.0859375,4152.13037109375,4168.3876953125,11171508224.0
2025-09-22,6,4167.9990234375,4189.6025390625,4135.3369140625,4187.4375,6310678528.0
2025-09-22,7,4184.53076171875,4211.13818359375,4182.01416015625,4201.9599609375,5498925056.0
2025-09-23,0,4203.0341796875,4213.7119140625,4151.04541015625,4152.84423828125,3745742848.0
2025-09-23,1,4150.7587890625,4197.9150390625,4121.00048828125,4186.94140625,6481833984.0
2025-09-23,2,4185.5771484375,4215.57275390625,4182.57470703125,4211.302734375,1411522560.0
2025-09-23,3,4211.3359375,4225.5556640625,4183.7705078125,4195.94580078125,3561406464.0
2025-09-23,4,4195.5205078125,4208.78662109375,4170.509765625,4178.73681640625,6557566976.0
2025-09-23,5,4176.77294921875,4204.5,4140.74951171875,4150.50830078125,8500969472.0
2025-09-23,6,4150.4091796875,4181.7138671875,4144.4462890625,4174.2685546875,7352512512.0
2025-09-23,7,4177.05224609375,4188.6083984375,4163.748046875,4165.7685546875,4407377920.0
2025-09-24,0,4164.88671875,4193.271484375,4160.4169921875,4172.36767578125,9262749696.0
2025-09-24,1,4170.435546875,4174.55859375,4091.443603515625,4173.5302734375,9407514624.0
2025-09-24,2,4172.8173828125,4183.8125,4168.0810546875,4176.65283203125,6466637824.0
2025-09-24,3,4176.0986328125,4198.93994140625,4168.931640625,4183.44189453125,6521774080.0
2025-09-24,4,4182.6865234375,4205.140625,4152.96923828125,4197.349609375,6557257728.0
2025-09-24,5,4196.0390625,4199.2197265625,4158.4169921875,4185.84033203125,4134311936.0
2025-09-24,6,4185.82373046875,4185.82373046875,4152.3798828125,4168.77490234375,3350294528.0
2025-09-24,7,4167.90966796875,4172.904296875,4138.33251953125,4153.93505859375,5491240960.0
2025-09-25,0,4152.90380859375,4162.0625,4068.3349609375,4103.27587890625,11578996736.0
2025-09-25,1,4103.7529296875,4103.7529296875,3983.884033203125,4029.0771484375,10756239360.0
2025-09-25,2,4026.581787109375,4035.065673828125,3991.953369140625,4013.9609375,7631290368.0
2025-09-25,3,4015.69384765625,4052.331787109375,3997.688232421875,4002.181640625,8750247936.0
2025-09-25,4,4002.826171875,4020.1572265625,3948.85107421875,4017.373291015625,11943923712.0
2025-09-25,5,4015.928955078125,4017.26171875,3835.924072265625,3839.301025390625,12175486976.0
2025-09-25,6,3839.977783203125,3946.786376953125,3829.0107421875,3888.228759765625,17815498752.0
2025-09-25,7,3888.384521484375,3935.347412109375,3860.118896484375,3867.62060546875,11438354432.0
2025-09-26,0,3873.3984375,3970.753173828125,3872.46923828125,3957.191650390625,12943659008.0
2025-09-26,1,3959.336669921875,3975.52294921875,3924.280517578125,3924.280517578125,4346286080.0
2025-09-26,2,3925.14697265625,3949.685791015625,3912.693603515625,3936.949462890625,10092097536.0
2025-09-26,3,3936.77587890625,3939.9208984375,3878.322998046875,3909.514404296875,11764731904.0
2025-09-26,4,3909.81884765625,3981.66552734375,3878.76123046875,3929.852783203125,13504143360.0
2025-09-26,5,3932.5078125,4047.15283203125,3932.5078125,4047.15283203125,8711979008.0
2025-09-26,6,4047.514404296875,4069.168701171875,4011.615966796875,4011.88134765625,6002724864.0
2025-09-26,7,4010.015869140625,4040.12890625,4008.9462890625,4036.58984375,6161252352.0
2025-09-27,0,4035.463134765625,4035.463134765625,4012.054443359375,4013.83154296875,1762447360.0
2025-09-27,1,4015.02685546875,4028.6376953125,4013.346923828125,4021.61181640625,6575747072.0
2025-09-27,2,4019.3486328125,4023.077880859375,3987.28076171875,3987.28076171875,2696318976.0
2025-09-27,3,3987.356689453125,4017.510498046875,3977.171875,4003.734375,5045157888.0
2025-09-27,4,4003.36962890625,4037.63671875,3996.9609375,4016.152099609375,3648942080.0
2025-09-27,5,4016.65380859375,4022.068115234375,3987.088134765625,4001.668701171875,4917516288.0
2025-09-27,6,4002.66845703125,4009.0009765625,3989.8251953125,4006.16796875,1415413760.0
2025-09-27,7,4007.418701171875,4034.2900390625,4007.418701171875,4018.01171875,5431386112.0
2025-09-28,0,4019.49267578125,4031.853515625,3997.927734375,4002.1064453125,6329774080.0
2025-09-28,1,4002.951416015625,4017.7763671875,3999.30517578125,4010.66650390625,2588358656.0
2025-09-28,2,4011.08203125,4017.2236328125,3999.417236328125,4004.95166015625,3249833984.0
2025-09-28,3,4004.811279296875,4006.676513671875,3987.508056640625,3995.104248046875,5344270336.0
2025-09-28,4,3993.341064453125,4025.0693359375,3969.79296875,4024.4599609375,3508350976.0
2025-09-28,5,4025.232666015625,4050.465087890625,4019.029052734375,4042.10791015625,6825971712.0
2025-09-28,6,4041.251220703125,4063.711669921875,4034.8779296875,4054.51416015625,3550017536.0
2025-09-28,7,4052.519287109375,4142.77294921875,4044.89990234375,4140.884765625,9282193408.0
2025-09-29,0,4144.50146484375,4145.4580078125,4110.52099609375,4113.779296875,7427983360.0
2025-09-29,1,4112.89599609375,4123.06787109375,4106.091796875,4114.73876953125,5004222464.0
2025-09-29,2,4115.10888671875,4134.47705078125,4093.7451171875,4130.47900390625,7199008768.0
2025-09-29,3,4125.3916015625,4138.17919921875,4099.95654296875,4105.279296875,6028075008.0
2025-09-29,4,4104.9169921875,4202.53564453125,4088.891357421875,4190.197265625,9543137280.0
2025-09-29,5,4190.8076171875,4200.435546875,4137.0439453125,4159.71630859375,10245521408.0
2025-09-29,6,4157.97021484375,4231.9541015625,4147.4912109375,4224.92578125,8053428224.0
2025-09-29,7,4226.203125,4232.74462890625,4216.76953125,4218.54052734375,5205123072.0
2025-09-30,0,4217.59033203125,4238.67138671875,4196.8896484375,4202.9306640625,7507693568.0
2025-09-30,1,4202.38134765625,4208.84814453125,4174.9091796875,4188.47607421875,35251589120.0
2025-09-30,2,4187.9296875,4206.4462890625,4171.4111328125,4172.98291015625,6671974400.0
2025-09-30,3,4171.42822265625,4175.7216796875,4140.302734375,4169.95751953125,5406564352.0
2025-09-30,4,4168.4287109375,4175.31005859375,4123.77880859375,4150.38818359375,7206891520.0
2025-09-30,5,4150.97607421875,4150.97607421875,4095.714599609375,4104.7392578125,10726469632.0
2025-09-30,6,4102.66845703125,4194.953125,4097.2041015625,4191.68994140625,5222322176.0
2025-09-30,7,4193.26806640625,4200.7802734375,4123.09033203125,4145.19287109375,7185973248.0
2025-10-01,0,4145.64599609375,4172.12744140625,4127.0390625,4154.44580078125,4153933824.0
2025-10-01,1,4154.12158203125,4155.208984375,4130.4619140625,4146.44677734375,5444739072.0
2025-10-01,2,4145.24462890625,4313.34716796875,4125.7822265625,4295.69775390625,8771125248.0
2025-10-01,3,4290.34130859375,4315.09033203125,4282.9052734375,4298.578125,7536287744.0
2025-10-01,4,4299.0849609375,4340.59228515625,4282.68115234375,4323.42041015625,6549716992.0
2025-10-01,5,4325.80078125,4345.77587890625,4291.7255859375,4297.28369140625,7927644160.0
2025-10-01,6,4296.56689453125,4339.37890625,4296.56689453125,4334.3798828125,6558302208.0
2025-10-01,7,4336.33251953125,4344.4111328125,4296.85546875,4344.4111328125,6529216512.0
2025-10-02,0,4349.72607421875,4399.37353515625,4336.77392578125,4390.10791015625,7009099776.0
2025-10-02,1,4389.21484375,4399.95556640625,4364.09912109375,4386.86767578125,5767544832.0
2025-10-02,2,4386.75146484375,4421.93212890625,4374.10498046875,4389.3271484375,7653183488.0
2025-10-02,3,4388.9482421875,4396.7451171875,4376.28369140625,4381.95751953125,6006259712.0
2025-10-02,4,4382.8251953125,4420.65625,4378.3330078125,4380.53759765625,11605278720.0
2025-10-02,5,4377.89599609375,4476.78125,4344.46630859375,4467.84228515625,12713578496.0
2025-10-02,6,4469.0244140625,4517.6650390625,4469.0244140625,4490.49267578125,9461469184.0
2025-10-02,7,4490.9638671875,4498.19140625,4462.572265625,4486.37841796875,6631964672.0
2025-10-03,0,4487.2724609375,4514.341796875,4467.15234375,4514.1591796875,5060542464.0
2025-10-03,1,4513.70849609375,4558.0234375,4471.15625,4479.81640625,7003090944.0
2025-10-03,2,4479.548828125,4485.67626953125,4433.01611328125,4465.953125,9952800768.0
2025-10-03,3,4468.83740234375,4495.9814453125,4461.35693359375,4483.3486328125,15278706688.0
2025-10-03,4,4481.662109375,4497.28076171875,4442.5068359375,4485.2529296875,7851864064.0
2025-10-03,5,4485.4267578125,4588.18359375,4462.1728515625,4476.02978515625,14245965824.0
2025-10-03,6,4475.20068359375,4544.5361328125,4456.205078125,4537.60888671875,12895531008.0
2025-10-03,7,4537.16943359375,4540.248046875,4513.0224609375,4516.0078125,3677896704.0
2025-10-04,0,4514.2197265625,4518.02783203125,4468.9794921875,4487.703125,6190329856.0
2025-10-04,1,4487.83154296875,4509.09912109375,4476.10009765625,4505.24951171875,11054694400.0
2025-10-04,2,4506.13916015625,4519.39013671875,4487.57568359375,4493.5322265625,4408115200.0
2025-10-04,3,4492.29345703125,4505.08837890625,4483.15283203125,4486.08984375,5758038016.0
2025-10-04,4,4486.037109375,4511.1943359375,4478.14013671875,4478.14013671875,6537285632.0
2025-10-04,5,4473.8310546875,4480.43896484375,4444.6611328125,4462.52197265625,4209584128.0
2025-10-04,6,4465.04541015625,4486.46826171875,4452.81884765625,4477.0283203125,3086065664.0
2025-10-04,7,4477.142578125,4494.0810546875,4476.7802734375,4487.63427734375,4097439744.0
2025-10-05,0,4489.27734375,4546.640625,4472.60546875,4546.640625,7167342592.0
2025-10-05,1,4549.26806640625,4585.9404296875,4532.76318359375,4564.8037109375,9700304896.0
2025-10-05,2,4567.4111328125,4614.05029296875,4557.60009765625,4586.06201171875,15609669632.0
2025-10-05,3,4587.6025390625,4588.4365234375,4526.49755859375,4553.4599609375,19897591808.0
2025-10-05,4,4552.70556640625,4552.70556640625,4532.50634765625,4536.80810546875,9736798208.0
2025-10-05,5,4535.93701171875,4543.25048828125,4505.52978515625,4511.76611328125,7116443648.0
2025-10-05,6,4512.10009765625,4523.708984375,4482.00634765625,4502.9287109375,13562765312.0
2025-10-05,7,4501.67138671875,4522.771484375,4494.85400390625,4515.58642578125,5029904384.0
2025-10-06,0,4515.1923828125,4549.96142578125,4493.49365234375,4538.22314453125,8111456256.0
2025-10-06,1,4538.158203125,4541.69580078125,4511.30517578125,4527.7890625,3190439936.0
2025-10-06,2,4527.640625,4576.52978515625,4527.640625,4562.09033203125,4478689280.0
2025-10-06,3,4562.23388671875,4588.2021484375,4561.54638671875,4573.83837890625,9615056896.0
2025-10-06,4,4573.37255859375,4673.5869140625,4573.37255859375,4641.796875,8180348928.0
2025-10-06,5,4638.26025390625,4716.39501953125,4638.26025390625,4702.7041015625,11353927680.0
2025-10-06,6,4698.37353515625,4734.4423828125,4683.12646484375,4690.7939453125,8653254656.0
2025-10-07,0,4687.11767578125,4699.0908203125,4670.03857421875,4687.5888671875,8059301888.0
2025-10-07,1,4688.58154296875,4728.5087890625,4681.8291015625,4711.89208984375,7006810112.0
2025-10-07,2,4712.9384765625,4719.484375,4642.83154296875,4673.294921875,8977928192.0
2025-10-07,3,4672.7021484375,4712.55615234375,4671.44970703125,4711.7666015625,5968330752.0
2025-10-07,4,4712.23779296875,4754.88232421875,4598.5380859375,4600.8232421875,8181452800.0
2025-10-07,5,4596.40771484375,4602.140625,4458.7822265625,4478.31005859375,14318620672.0
2025-10-07,6,4477.41845703125,4518.044921875,4458.923828125,4515.71484375,8910176256.0
2025-10-07,7,4511.6728515625,4514.98876953125,4449.41796875,4449.98046875,3959058432.0
2025-10-08,0,4450.35888671875,4499.52685546875,4442.96826171875,4482.478515625,7111294976.0
2025-10-08,1,4482.91943359375,4482.91943359375,4422.9560546875,4438.81298828125,9304653824.0
2025-10-08,2,4437.39013671875,4495.9794921875,4429.25634765625,4475.431640625,6137511936.0
2025-10-08,3,4476.4208984375,4507.65283203125,4475.69384765625,4488.33203125,5983350784.0
2025-10-08,4,4489.419921875,4519.32861328125,4444.14111328125,4449.26708984375,4512722944.0
2025-10-08,5,4450.404296875,4552.91552734375,4442.4765625,4540.96923828125,6116167680.0
2025-10-08,6,4539.2236328125,4543.13037109375,4500.60302734375,4506.818359375,7023648768.0
2025-10-08,7,4504.51416015625,4537.82421875,4504.51416015625,4528.27734375,7759044608.0
2025-10-09,0,4527.28076171875,4531.716796875,4407.9521484375,4412.8154296875,11727781888.0
2025-10-09,1,4414.572265625,4458.49560546875,4414.572265625,4455.48779296875,7488770048.0
2025-10-09,2,4455.77587890625,4455.77587890625,4330.28466796875,4330.28466796875,7814332416.0
2025-10-09,3,4328.58544921875,4386.19677734375,4328.58544921875,4377.4404296875,8695533568.0
2025-10-09,4,4376.2626953125,4409.2041015625,4310.97216796875,4345.38720703125,10164338688.0
2025-10-09,5,4346.07568359375,4362.81884765625,4276.52880859375,4323.80419921875,10005610496.0
2025-10-09,6,4336.25537109375,4348.03369140625,4303.927734375,4337.53076171875,7638355968.0
2025-10-09,7,4338.36376953125,4383.3955078125,4338.36376953125,4369.490234375,8905371648.0
2025-10-10,0,4370.36572265625,4395.13623046875,4359.025390625,4360.50146484375,11544825856.0
2025-10-10,1,4361.65185546875,4390.63427734375,4333.3486328125,4368.6767578125,10463735808.0
2025-10-10,2,4369.37646484375,4377.46728515625,4317.8173828125,4346.81787109375,5955862528.0
2025-10-10,3,4347.36083984375,4350.86181640625,4323.103515625,4345.9736328125,4679974912.0
2025-10-10,4,4344.93896484375,4390.3125,4288.54345703125,4288.54345703125,13602680832.0
2025-10-10,5,4283.60400390625,4283.60400390625,4083.447265625,4094.503662109375,22804545536.0
2025-10-10,6,4095.169921875,4099.4873046875,3895.25146484375,3912.558837890625,17965035520.0
2025-10-10,7,3879.33837890625,3958.996337890625,3514.47314453125,3839.8037109375,45945561088.0
2025-10-11,0,3833.70361328125,3882.241455078125,3737.845947265625,3846.258544921875,18230525952.0
2025-10-11,1,3850.185791015625,3850.185791015625,3767.111572265625,3796.73046875,17617477632.0
2025-10-11,2,3795.7734375,3823.027587890625,3744.97119140625,3821.455322265625,14592770048.0
2025-10-11,3,3820.000244140625,3860.367919921875,3795.21044921875,3842.19482421875,11653857280.0
2025-10-11,4,3843.0869140625,3847.29833984375,3797.4619140625,3813.705810546875,23891066880.0
2025-10-11,5,3826.158447265625,3856.028076171875,3816.511474609375,3828.574462890625,17516511232.0
2025-10-11,6,3826.307861328125,3828.02685546875,3674.207763671875,3681.774169921875,15122202624.0
2025-10-11,7,3700.360595703125,3763.970703125,3658.34228515625,3750.4287109375,20921786368.0
2025-10-12,0,3750.034912109375,3762.26123046875,3703.4609375,3731.56787109375,5872984064.0
2025-10-12,1,3738.0517578125,3823.64013671875,3734.964599609375,3814.3896484375,5456809984.0
2025-10-12,2,3809.228515625,3848.16650390625,3809.228515625,3827.74853515625,8756551680.0
2025-10-12,3,3824.61376953125,3857.91064453125,3811.03564453125,3821.202880859375,11967205376.0
2025-10-12,4,3822.153076171875,4016.392578125,3801.231689453125,3984.8603515625,10567294976.0
2025-10-12,5,3973.301025390625,4156.4833984375,3973.301025390625,4126.45849609375,18159235072.0
2025-10-12,6,4130.02783203125,4189.76220703125,4103.83349609375,4138.45654296875,8051355648.0
2025-10-12,7,4140.673828125,4163.0751953125,4095.963623046875,4162.326171875,20915224576.0
2025-10-13,0,4159.21630859375,4202.927734375,4131.271484375,4163.55908203125,11987124224.0
2025-10-13,1,4161.95751953125,4171.7626953125,4123.1005859375,4131.931640625,6376669184.0
2025-10-13,2,4133.74560546875,4198.29052734375,4122.87451171875,4184.39990234375,12632698880.0
2025-10-13,3,4180.2216796875,4180.2216796875,4068.547607421875,4086.921142578125,12023603200.0
2025-10-13,4,4084.892333984375,4177.296875,4065.243896484375,4094.74169921875,15906639872.0
2025-10-13,5,4098.6787109375,4217.97900390625,4098.6787109375,4217.97900390625,10290495488.0
2025-10-13,6,4235.5947265625,4280.37939453125,4208.26708984375,4280.37939453125,10636951552.0
2025-10-13,7,4286.275390625,4286.9482421875,4241.94873046875,4245.57177734375,11119255552.0
2025-10-14,0,4244.8603515625,4262.55810546875,4173.63525390625,4177.0859375,7876956160.0
2025-10-14,1,4171.9091796875,4175.8095703125,4064.53515625,4069.4453125,10589061120.0
2025-10-14,2,4071.90380859375,4089.03369140625,3959.86279296875,4001.567626953125,11724562432.0
2025-10-14,3,4000.69091796875,4016.418701171875,3896.0703125,3975.172607421875,13845184512.0
2025-10-14,4,3974.847900390625,4011.18408203125,3905.392333984375,3976.12060546875,11317088256.0
2025-10-14,5,3974.507080078125,4153.81298828125,3958.744873046875,4105.22900390625,16522309632.0
2025-10-14,6,4103.78955078125,4148.17529296875,4057.82666015625,4118.26220703125,10597855232.0
2025-10-14,7,4119.81982421875,4143.79150390625,4098.501953125,4125.015625,9762914304.0
2025-10-15,0,4125.86962890625,4144.28466796875,4087.44970703125,4120.318359375,6788378624.0
2025-10-15,1,4120.30126953125,4123.52734375,4068.423828125,4109.921875,12741185536.0
2025-10-15,2,4112.3603515625,4209.2275390625,4080.36181640625,4183.380859375,18620190720.0
2025-10-15,3,4183.9677734375,4186.630859375,4094.491943359375,4103.2685546875,10515836928.0
2025-10-15,4,4103.1123046875,4107.91552734375,4000.977294921875,4013.06494140625,10212388864.0
2025-10-15,5,4013.655029296875,4022.729248046875,3938.099853515625,3992.580810546875,11820654592.0
2025-10-15,6,3995.423095703125,4013.127685546875,3947.182861328125,3963.72412109375,7766634496.0
2025-10-15,7,3963.86962890625,3991.387451171875,3943.94287109375,3986.3984375,14534156288.0
2025-10-16,0,3989.716064453125,4034.482421875,3979.42626953125,4034.482421875,10364817408.0
2025-10-16,1,4033.7919921875,4036.984130859375,3991.2646484375,3996.882080078125,8088780800.0
2025-10-16,2,3998.305419921875,4045.741455078125,3987.76953125,3998.071533203125,5767036928.0
2025-10-16,3,3996.02197265625,4072.0498046875,3951.739013671875,4061.8603515625,9459298304.0
2025-10-16,4,4063.2958984375,4078.535888671875,3981.28271484375,4018.3662109375,16121872384.0
2025-10-16,5,4018.207275390625,4022.606201171875,3860.99462890625,3921.016845703125,11949133824.0
2025-10-16,6,3922.36181640625,3922.36181640625,3829.741455078125,3847.782470703125,16748445696.0
2025-10-16,7,3854.980224609375,3896.564208984375,3847.09619140625,3894.2587890625,10398269440.0
2025-10-17,0,3895.26318359375,3949.953125,3892.17822265625,3923.32666015625,8787591168.0
2025-10-17,1,3923.450927734375,3934.7548828125,3897.240478515625,3897.240478515625,10283524096.0
2025-10-17,2,3897.428955078125,3904.373291015625,3706.336669921875,3711.265625,11926355968.0
2025-10-17,3,3709.206787109375,3810.036376953125,3678.620361328125,3776.476318359375,17283207168.0
2025-10-17,4,3777.328857421875,3805.82275390625,3721.406982421875,3749.116943359375,11949809664.0
2025-10-17,5,3750.118896484375,3838.7958984375,3748.06787109375,3817.15283203125,11644440576.0
2025-10-17,6,3819.25830078125,3861.06201171875,3816.278076171875,3856.3935546875,10353324032.0
2025-10-17,7,3856.6630859375,3882.553955078125,3831.576171875,3832.054931640625,8657002496.0
2025-10-18,0,3832.7978515625,3880.80810546875,3823.323974609375,3851.8564453125,9772572672.0
2025-10-18,1,3853.314697265625,3879.947265625,3844.38427734375,3869.300048828125,6867587072.0
2025-10-18,2,3867.59912109375,3927.129638671875,3864.070068359375,3882.1318359375,7477608448.0
2025-10-18,3,3878.28955078125,3891.948974609375,3866.776123046875,3881.768798828125,12218097664.0
2025-10-18,4,3882.7939453125,3894.41357421875,3854.7216796875,3875.1982421875,8143230976.0
2025-10-18,5,3877.478271484375,3890.64501953125,3856.11474609375,3890.288818359375,21898053632.0
2025-10-18,6,3894.98046875,3903.0224609375,3885.833984375,3891.03662109375,11482333184.0
2025-10-18,7,3889.396484375,3895.932861328125,3872.3330078125,3889.313720703125,18195470336.0
2025-10-19,0,3890.123779296875,3892.140869140625,3859.748291015625,3873.496337890625,3777751040.0
2025-10-19,1,3873.843505859375,3918.3525390625,3870.660400390625,3897.31982421875,9520330752.0
2025-10-19,2,3898.057373046875,3936.160400390625,3848.26806640625,3865.230224609375,6701488128.0
2025-10-19,3,3864.4765625,3950.59765625,3852.844482421875,3926.98388671875,10426144768.0
2025-10-19,4,3924.5849609375,3999.331298828125,3913.747802734375,3991.935546875,8625584128.0
2025-10-19,5,3991.777587890625,4022.216552734375,3964.36572265625,3994.07763671875,7530672128.0
2025-10-19,6,3995.623046875,4005.7373046875,3977.865966796875,4001.995849609375,6609154048.0
2025-10-19,7,4002.88525390625,4026.766357421875,3978.838623046875,3984.1396484375,7855673344.0
2025-10-20,0,3984.042724609375,3984.042724609375,3912.047119140625,3958.493896484375,7669129216.0
2025-10-20,1,3957.153564453125,4074.55078125,3951.035400390625,4061.733642578125,9034006528.0
2025-10-20,2,4061.90380859375,4082.81787109375,4035.910888671875,4047.449951171875,10447421440.0
2025-10-20,3,4047.27587890625,4052.511962890625,4016.480224609375,4036.2939453125,6006632448.0
2025-10-20,4,4036.75634765625,4044.349853515625,4015.365234375,4040.900146484375,11590844416.0
2025-10-20,5,4041.68994140625,4051.306884765625,3926.078369140625,3951.656005859375,18856032256.0
2025-10-20,6,3951.5361328125,3997.131103515625,3948.845947265625,3995.93212890625,6889877504.0
2025-10-20,7,3997.998046875,4003.494140625,3973.109375,3980.681640625,9959297024.0
2025-10-21,0,3980.740478515625,3985.698486328125,3930.388427734375,3934.187255859375,5636354048.0
2025-10-21,1,3932.4130859375,3942.93017578125,3843.227783203125,3864.382080078125,7298256896.0
2025-10-21,2,3864.44873046875,3896.646240234375,3854.48779296875,3871.4716796875,9589186560.0
2025-10-21,3,3868.8984375,3895.084716796875,3859.984130859375,3892.85009765625,7768473600.0
2025-10-21,4,3892.07421875,4010.455322265625,3859.381591796875,4010.455322265625,7417528320.0
2025-10-21,5,4019.245849609375,4108.2607421875,3972.587646484375,4017.68603515625,12086538240.0
2025-10-21,6,4016.582275390625,4023.32568359375,3946.91650390625,3958.8173828125,16792080384.0
2025-10-21,7,3953.29296875,3965.5185546875,3864.825439453125,3875.64453125,25752092672.0
2025-10-22,0,3874.599609375,3889.544921875,3835.22607421875,3868.191650390625,13214601216.0
2025-10-22,1,3866.5810546875,3883.2470703125,3844.40966796875,3865.232666015625,9581973504.0
2025-10-22,2,3863.855712890625,3874.717041015625,3844.6689453125,3856.19189453125,6116106240.0
2025-10-22,3,3856.1787109375,3859.529296875,3784.2021484375,3829.652099609375,8190816256.0
2025-10-22,4,3830.28564453125,3874.830810546875,3785.20849609375,3838.373046875,16064282624.0
2025-10-22,5,3847.515869140625,3860.681396484375,3799.02880859375,3806.895751953125,11300524032.0
2025-10-22,6,3807.251708984375,3825.14697265625,3776.671142578125,3777.7880859375,18279915520.0
2025-10-22,7,3778.607666015625,3812.343994140625,3725.8505859375,3807.9228515625,7585013760.0
2025-10-23,0,3806.6875,3834.23583984375,3802.687744140625,3825.999755859375,14601146368.0
2025-10-23,1,3826.3525390625,3849.1923828125,3823.144775390625,3849.180419921875,10213494784.0
2025-10-23,2,3849.19384765625,3902.612548828125,3845.783447265625,3888.408447265625,8621531136.0
2025-10-23,3,3887.64013671875,3904.227294921875,3862.6982421875,3865.379150390625,7854891008.0
2025-10-23,4,3864.3857421875,3864.3857421875,3816.4970703125,3846.1328125,7622377472.0
2025-10-23,5,3847.152587890625,3930.1669921875,3845.726318359375,3921.4755859375,9162100736.0
2025-10-23,6,3922.4765625,3922.4765625,3825.923583984375,3825.923583984375,7173353472.0
2025-10-23,7,3830.587646484375,3859.630615234375,3825.00390625,3856.590087890625,9558413312.0
2025-10-24,0,3857.817138671875,3894.9345703125,3850.20947265625,3893.66259765625,10299891712.0
2025-10-24,1,3891.72265625,3987.141357421875,3881.886962890625,3974.1259765625,8322502656.0
2025-10-24,2,3974.884521484375,3986.44091796875,3932.48291015625,3953.80419921875,6638129152.0
2025-10-24,3,3953.68115234375,3969.648681640625,3934.191650390625,3946.091796875,12152795136.0
2025-10-24,4,3948.713623046875,4000.818359375,3895.71923828125,3903.999755859375,8289972224.0
2025-10-24,5,3905.639892578125,3925.55517578125,3869.77734375,3891.283935546875,8235802624.0
2025-10-24,6,3891.109619140625,3942.907958984375,3886.197265625,3938.538330078125,4156108800.0
2025-10-24,7,3939.328857421875,3944.67138671875,3928.047119140625,3933.849609375,5855479808.0
2025-10-25,0,3935.286376953125,3938.517822265625,3914.640625,3935.509521484375,8517765120.0
2025-10-25,1,3936.069091796875,3936.069091796875,3921.80615234375,3930.972900390625,11943692288.0
2025-10-25,2,3931.4248046875,3953.049560546875,3928.093505859375,3953.049560546875,8456396800.0
2025-10-25,3,3954.616943359375,3955.134765625,3936.008056640625,3942.275634765625,5969577984.0
2025-10-25,4,3941.763671875,3955.37060546875,3936.195068359375,3938.564453125,12735297536.0
2025-10-25,5,3938.971435546875,3939.671142578125,3928.291259765625,3935.12060546875,13687563264.0
2025-10-25,6,3935.23095703125,3967.37646484375,3931.61083984375,3950.6650390625,4545890304.0
2025-10-25,7,3947.386962890625,3964.887939453125,3940.608642578125,3953.93310546875,6603284480.0
2025-10-26,0,3953.916748046875,3960.4482421875,3924.86474609375,3930.649658203125,4611287040.0
2025-10-26,1,3930.79052734375,3946.584228515625,3926.48828125,3944.61865234375,4785497088.0
2025-10-26,2,3944.0146484375,3961.633056640625,3940.1806640625,3959.87451171875,3869425664.0
2025-10-26,3,3959.734619140625,4044.685302734375,3958.432861328125,4042.337646484375,7090249728.0
2025-10-26,4,4043.7490234375,4094.744873046875,4042.172607421875,4068.016357421875,10084448256.0
2025-10-26,5,4066.9306640625,4075.2451171875,4049.02880859375,4061.39599609375,7114209280.0
2025-10-26,6,4060.451171875,4077.446533203125,4058.3720703125,4065.94482421875,9200615424.0
2025-10-26,7,4065.4453125,4174.09619140625,4058.651123046875,4159.05224609375,10487158784.0
2025-10-27,0,4158.96630859375,4214.79150390625,4152.865234375,4205.38037109375,12800417792.0
2025-10-27,1,4204.95361328125,4250.669921875,4196.046875,4235.30615234375,9066504192.0
2025-10-27,2,4234.142578125,4242.904296875,4160.0283203125,4167.208984375,9407152128.0
2025-10-27,3,4166.73876953125,4174.1640625,4140.81640625,4160.78173828125,6932905984.0
2025-10-27,4,4160.07861328125,4184.5693359375,4129.8642578125,4149.7060546875,9217986560.0
2025-10-27,5,4148.7431640625,4223.1220703125,4148.7431640625,4221.9970703125,12895916032.0
2025-10-27,6,4221.6533203125,4231.95263671875,4131.38623046875,4132.85595703125,13334892544.0
2025-10-27,7,4131.71484375,4143.3330078125,4103.80419921875,4120.76220703125,13500866560.0
2025-10-28,0,4120.4541015625,4140.6240234375,4109.6484375,4114.3681640625,11891322880.0
2025-10-28,1,4140.4638671875,4142.70556640625,4078.768310546875,4136.669921875,10543030272.0
2025-10-28,2,4135.97265625,4147.7939453125,3976.247802734375,3976.247802734375,7827546112.0
2025-10-28,3,3972.480224609375,3999.32958984375,3942.009521484375,3980.3056640625,13792284672.0
2025-10-29,0,3979.216796875,4005.795166015625,3966.927978515625,4004.26611328125,5864132608.0
2025-10-29,1,4004.28662109375,4036.04638671875,3990.453857421875,4029.145263671875,7672983552.0
2025-10-29,2,4028.088623046875,4034.571044921875,4006.8779296875,4007.660888671875,7403409408.0
2025-10-29,3,4009.322265625,4014.655517578125,3987.484375,4013.831298828125,7834402816.0
2025-10-29,4,4013.055908203125,4029.8125,3976.399658203125,3984.6640625,8988110848.0
2025-10-29,5,3991.15625,4007.8623046875,3932.68994140625,4004.189208984375,6964545536.0
2025-10-29,6,4013.044677734375,4014.787353515625,3851.1337890625,3950.333740234375,13547114496.0
2025-10-29,7,3951.466064453125,3960.3232421875,3881.910888671875,3900.732666015625,6998198272.0
2025-10-30,0,3903.8701171875,3946.2724609375,3888.279541015625,3946.2724609375,12434128896.0
2025-10-30,1,3946.008056640625,3946.837646484375,3850.172607421875,3920.6220703125,8884301824.0
2025-10-30,2,3917.477294921875,3943.38134765625,3899.94482421875,3921.33447265625,7434137600.0
2025-10-30,3,3922.109619140625,3922.68310546875,3879.822998046875,3884.29931640625,12291510272.0
2025-10-30,4,3883.326416015625,3883.326416015625,3773.49169921875,3804.497314453125,13519605760.0
2025-10-30,5,3805.069580078125,3805.069580078125,3730.622802734375,3766.479248046875,6579073024.0
2025-10-30,6,3769.47705078125,3770.768310546875,3684.803466796875,3753.60888671875,10419679232.0
2025-10-30,7,3756.613037109375,3802.470703125,3748.9765625,3802.470703125,6408409088.0
2025-10-31,0,3803.2568359375,3856.018798828125,3798.917724609375,3819.152099609375,6954676224.0
2025-10-31,1,3820.614501953125,3870.1318359375,3813.40087890625,3849.47265625,5871992832.0
2025-10-31,2,3849.176025390625,3850.657470703125,3821.093994140625,3850.359619140625,7777394688.0
2025-10-31,3,3854.119140625,3876.438720703125,3828.503662109375,3876.438720703125,9742286848.0
2025-10-31,4,3874.6796875,3879.1435546875,3833.561767578125,3867.89453125,6939058176.0
2025-10-31,5,3864.007568359375,3878.857421875,3808.34423828125,3825.093994140625,9496489984.0
2025-10-31,6,3825.796142578125,3898.591552734375,3809.430908203125,3859.50830078125,11344343040.0
2025-10-31,7,3860.861083984375,3862.9765625,3841.36474609375,3847.283935546875,8485875712.0
2025-11-01,0,3847.112548828125,3857.61083984375,3833.111328125,3851.7783203125,11112775680.0
2025-11-01,1,3852.380859375,3865.958251953125,3850.074951171875,3853.19384765625,6342957056.0
2025-11-01,2,3853.775634765625,3875.391357421875,3851.05859375,3875.1982421875,4761200640.0
2025-11-01,3,3878.098876953125,3879.341552734375,3868.693359375,3874.35791015625,5129979904.0
2025-11-01,4,3875.4921875,3878.447998046875,3859.3017578125,3869.662353515625,6459957248.0
2025-11-01,5,3870.57470703125,3901.749755859375,3867.970947265625,3868.47412109375,8829239296.0
2025-11-01,6,3868.386474609375,3892.593017578125,3868.386474609375,3884.897705078125,6599036928.0
2025-11-01,7,3884.742431640625,3885.12548828125,3864.002685546875,3875.30029296875,6575093760.0
2025-11-02,0,3873.122802734375,3884.93212890625,3861.9794921875,3879.767333984375,4745709568.0
2025-11-02,1,3879.52099609375,3907.47509765625,3875.83837890625,3901.509765625,7953624064.0
2025-11-02,2,3900.338623046875,3911.9111328125,3892.577880859375,3893.3095703125,4184825856.0
2025-11-02,3,3892.982177734375,3900.8408203125,3855.56103515625,3893.71630859375,5088115712.0
2025-11-02,4,3887.304931640625,3890.2578125,3839.997314453125,3852.437744140625,5872054272.0
2025-11-02,5,3852.228515625,3868.246826171875,3842.343994140625,3856.595703125,9937657856.0
2025-11-02,6,3857.12939453125,3865.27001953125,3844.206787109375,3858.269775390625,4844625920.0
2025-11-02,7,3858.9140625,3913.325927734375,3844.87841796875,3913.325927734375,7335854080.0
2025-11-03,0,3903.72265625,3911.826171875,3790.234130859375,3798.325439453125,8546605056.0
2025-11-03,1,3798.56494140625,3804.206787109375,3720.916748046875,3730.635986328125,7180404736.0
2025-11-03,2,3731.14599609375,3738.019775390625,3687.55029296875,3712.57177734375,9708158976.0
2025-11-03,3,3715.90966796875,3736.336181640625,3673.608642578125,3710.9306640625,6084765696.0
2025-11-03,4,3711.316650390625,3744.619384765625,3695.713623046875,3730.89794921875,9414950912.0
2025-11-03,5,3732.34423828125,3732.34423828125,3568.155029296875,3666.619140625,12532629504.0
2025-11-03,6,3661.208740234375,3670.8466796875,3567.380126953125,3570.228271484375,8686972928.0
2025-11-03,7,3587.275146484375,3610.96630859375,3563.44482421875,3603.733154296875,9571651584.0
2025-11-04,0,3602.62939453125,3647.43310546875,3569.5830078125,3628.216796875,9244852224.0
2025-11-04,1,3625.751708984375,3649.646728515625,3495.6318359375,3495.6318359375,9600507904.0
2025-11-04,2,3493.156005859375,3555.2314453125,3462.0380859375,3492.3544921875,12196933632.0
2025-11-04,3,3493.56494140625,3521.0986328125,3473.890869140625,3520.77783203125,9610375168.0
2025-11-04,4,3525.48681640625,3557.4462890625,3474.6669921875,3550.884765625,10652606464.0
2025-11-04,5,3560.68310546875,3580.880126953125,3365.3095703125,3365.7353515625,10138480640.0
2025-11-04,6,3374.203125,3374.203125,3131.261474609375,3191.137451171875,17935257600.0
2025-11-04,7,3212.474853515625,3300.213623046875,3078.70751953125,3290.733642578125,33029869568.0
2025-11-05,0,3288.969482421875,3323.84423828125,3174.406005859375,3323.84423828125,20669243392.0
2025-11-05,1,3323.3193359375,3348.5205078125,3307.808837890625,3326.207275390625,16970874880.0
2025-11-05,2,3326.072265625,3339.7333984375,3287.065673828125,3302.252197265625,11953479680.0
2025-11-05,3,3301.10400390625,3322.845703125,3276.64404296875,3320.062744140625,8993873920.0
2025-11-05,4,3319.485107421875,3372.833251953125,3314.257080078125,3346.173095703125,12549349376.0
2025-11-05,5,3343.48486328125,3441.05810546875,3340.055908203125,3434.059326171875,6797697024.0
2025-11-05,6,3435.845703125,3479.166748046875,3431.310546875,3443.884521484375,6306357248.0
2025-11-05,7,3451.470703125,3451.470703125,3417.074462890625,3426.26171875,4806127616.0
2025-11-06,0,3424.458984375,3425.264404296875,3377.092041015625,3424.89013671875,2557538304.0
2025-11-06,1,3422.47216796875,3454.3359375,3383.6826171875,3385.95947265625,6854574080.0
2025-11-06,2,3386.559326171875,3400.569580078125,3368.876953125,3385.916015625,2391240704.0
2025-11-06,3,3384.855712890625,3407.773681640625,3371.505615234375,3399.187255859375,6252892160.0
2025-11-06,4,3398.679931640625,3401.4921875,3325.143310546875,3325.143310546875,4829249536.0
2025-11-06,5,3324.9912109375,3361.7861328125,3249.573486328125,3328.898193359375,10654056448.0
2025-11-06,6,3328.474365234375,3349.51318359375,3288.085693359375,3299.549560546875,6523568128.0
2025-11-06,7,3303.896728515625,3331.1123046875,3292.0693359375,3312.06591796875,8943910912.0
2025-11-07,0,3312.706298828125,3343.3515625,3282.009033203125,3343.28662109375,6007767040.0
2025-11-07,1,3347.22216796875,3364.84716796875,3321.228515625,3364.84716796875,4058300416.0
2025-11-07,2,3364.825439453125,3367.50244140625,3334.132568359375,3338.078125,6527520768.0
2025-11-07,3,3339.058349609375,3339.058349609375,3227.427490234375,3259.854248046875,7531835392.0
2025-11-07,4,3260.091064453125,3292.644775390625,3197.45751953125,3288.4697265625,10527932416.0
2025-11-07,5,3284.644287109375,3390.897216796875,3265.757080078125,3381.328857421875,7642542080.0
2025-11-07,6,3382.922119140625,3469.265380859375,3381.703857421875,3466.880859375,12137930752.0
2025-11-07,7,3464.230712890625,3471.493408203125,3433.3466796875,3434.73876953125,9980264448.0
2025-11-08,0,3434.35693359375,3456.195556640625,3412.94677734375,3441.741943359375,7813627904.0
2025-11-08,1,3439.353271484375,3474.783203125,3433.45751953125,3433.501953125,6040969216.0
2025-11-08,2,3428.760986328125,3463.172607421875,3424.36181640625,3455.675537109375,6738558976.0
2025-11-08,3,3454.796142578125,3461.758544921875,3407.642333984375,3411.599609375,9738006528.0
2025-11-08,4,3411.3837890625,3414.7958984375,3373.7109375,3399.92529296875,8425455616.0
2025-11-08,5,3399.67138671875,3401.51708984375,3359.581787109375,3397.443603515625,4720734208.0
2025-11-08,6,3396.0947265625,3405.43701171875,3366.021240234375,3398.392822265625,5591490560.0
2025-11-08,7,3396.979248046875,3412.718017578125,3396.14208984375,3400.5068359375,9292044288.0
2025-11-09,0,3400.546630859375,3400.605712890625,3367.342041015625,3367.342041015625,6770069504.0
2025-11-09,1,3366.880126953125,3405.566650390625,3360.742431640625,3403.564453125,6320123904.0
